name,description
Leaf-101_IntProf,
Leaf-102_IntProf,
Leaf-101-102_IntProf,
Leaf-111_IntProf,
Leaf-112_IntProf,
Leaf-111-112_IntProf,
Leaf-113_IntProf,
Leaf-114_IntProf,
Leaf-113-114_IntProf,
Leaf-115_IntProf,
Leaf-116_IntProf,
Leaf-115-116_IntProf,
Leaf-117_IntProf,
Leaf-118_IntProf,
Leaf-117-118_IntProf,
Leaf-119_IntProf,
Leaf-120_IntProf,
Leaf-119-120_IntProf,
Leaf-121_IntProf,
Leaf-122_IntProf,
Leaf-121-122_IntProf,
Leaf-123_IntProf,
Leaf-124_IntProf,
Leaf-123-124_IntProf,
Leaf-161_IntProf,
Leaf-162_IntProf,
Leaf-161-162_IntProf,
